ciudad,fecha,ta_max,ta_min,tm_mes,(,ta_max,ta_min
Barcelona,1990-1,10.8(25),-6.4(20),2.8,,10.8,-6.4
Barcelona,1990-2,19.8(23),-2.4(05),7.5,,19.8,-2.4
Barcelona,1990-3,24.3(20),-7.4(05),7.3,,24.3,-7.4
Barcelona,1990-4,19.8(29),-2.4(21),6.9,,19.8,-2.4
Barcelona,1990-5,25.8(31),1.1(03),13.3,,25.8,1.1
Barcelona,1990-6,31.0(25),4.0(06),16.0,,31.0,4.0
Barcelona,1990-7,35.7(21),6.0(04),20.0,,35.7,6.0
Barcelona,1990-8,35.4(04),6.0(31),20.0,,35.4,6.0
Barcelona,1990-9,30.6(11),7.0(25),17.8,,30.6,7.0
Barcelona,1990-10,24.5(02),-0.8(06),11.4,,24.5,-0.8
Barcelona,1990-11,17.5(17),-4.1(06),5.3,,17.5,-4.1
Barcelona,1990-12,10.6(29),-9.1(21),1.1,,10.6,-9.1
Barcelona,1990-13,35.7(21/jul),-9.1(21/dic),10.8,,35.7,-9.1
Barcelona,1991-1,11.3(10),-8.8(15),2.1,,11.3,-8.8
Barcelona,1991-2,17.2(25),-9.3(15),2.2,,17.2,-9.3
Barcelona,1991-3,18.0(20),-2.5(18),7.0,,18.0,-2.5
Barcelona,1991-4,22.3(11),-3.8(22),6.6,,22.3,-3.8
Barcelona,1991-5,26.8(28),-1.8(07),9.9,,26.8,-1.8
Barcelona,1991-6,33.0(25),1.6(19),15.5,,33.0,1.6
Barcelona,1991-7,35.0(10),5.2(06),19.4,,35.0,5.2
Barcelona,1991-8,36.8(06),6.0(09),21.7,,36.8,6.0
Barcelona,1991-9,32.4(18),4.0(27),17.8,,32.4,4.0
Barcelona,1991-10,23.4(04),-2.2(24),8.9,,23.4,-2.2
Barcelona,1991-11,17.8(01),-6.0(23),5.6,,17.8,-6.0
Barcelona,1991-12,12.2(05),-8.0(31),3.5,,12.2,-8.0
Barcelona,1991-13,36.8(06/ago),-9.3(15/feb),10.0,,36.8,-9.3
Barcelona,1992-1,11.8(31),-11.5(06),1.0,,11.8,-11.5
Barcelona,1992-2,17.4(07),-7.8(03),3.5,,17.4,-7.8
Barcelona,1992-3,21.8(20),-6.0(10),5.9,,21.8,-6.0
Barcelona,1992-4,23.6(22),-3.4(06),8.4,,23.6,-3.4
Barcelona,1992-5,27.8(17),1.1(12),13.3,,27.8,1.1
Barcelona,1992-6,27.8(28),0.0(05),12.3,,27.8,0.0
Barcelona,1992-7,33.7(26),4.5(11),18.8,,33.7,4.5
Barcelona,1992-8,35.6(25),4.2(31),19.6,,35.6,4.2
Barcelona,1992-9,32.4(16),1.6(01),15.0,,32.4,1.6
Barcelona,1992-10,21.9(01),0.5(15),8.9,,21.9,0.5
Barcelona,1992-11,20.0(08),-3.3(23),8.2,,20.0,-3.3
Barcelona,1992-12,12.5(02),-3.5(29),4.3,,12.5,-3.5
Barcelona,1992-13,35.6(25/ago),-11.5(06/ene),9.9,,35.6,-11.5
Barcelona,1993-1,13.0(13),-8.9(24),2.4,,13.0,-8.9
Barcelona,1993-2,11.6(07),-9.7(25),2.7,,11.6,-9.7
Barcelona,1993-3,21.0(18),-6.6(04),5.9,,21.0,-6.6
Barcelona,1993-4,21.9(08),-4.8(02),8.1,,21.9,-4.8
Barcelona,1993-5,22.0(24),-0.6(21),11.4,,22.0,-0.6
Barcelona,1993-6,31.0(18),3.9(12),15.8,,31.0,3.9
Barcelona,1993-7,36.2(29),0.1(11),17.1,,36.2,0.1
Barcelona,1993-8,35.0(06),4.6(30),19.1,,35.0,4.6
Barcelona,1993-9,29.5(02),-1.4(28),13.3,,29.5,-1.4
Barcelona,1993-10,19.2(03),2.0(20),8.9,,19.2,2.0
Barcelona,1993-11,17.2(01),-6.9(18),5.2,,17.2,-6.9
Barcelona,1993-12,10.7(30),-4.2(22),4.7,,10.7,-4.2
Barcelona,1993-13,36.2(29/jul),-9.7(25/feb),9.6,,36.2,-9.7
Barcelona,1994-1,14.4(31),-13.4(19),3.0,,14.4,-13.4
Barcelona,1994-2,16.0(03),-6.5(05),4.2,,16.0,-6.5
Barcelona,1994-3,22.4(24),-3.9(27),8.7,,22.4,-3.9
Barcelona,1994-4,26.0(29),-4.6(15),6.9,,26.0,-4.6
Barcelona,1994-5,27.6(31),-0.3(08),12.1,,27.6,-0.3
Barcelona,1994-6,34.0(30),2.6(11),15.8,,34.0,2.6
Barcelona,1994-7,35.2(27),7.5(03),21.5,,35.2,7.5
Barcelona,1994-8,34.8(03),7.2(25),20.4,,34.8,7.2
Barcelona,1994-9,30.3(06),0.3(19),13.7,,30.3,0.3
Barcelona,1994-10,23.5(13),-0.5(27),11.3,,23.5,-0.5
Barcelona,1994-11,17.5(23),-2.5(27),8.4,,17.5,-2.5
Barcelona,1994-12,18.4(13),-3.5(26),5.3,,18.4,-3.5
Barcelona,1994-13,35.2(27/jul),-13.4(19/ene),10.9,,35.2,-13.4
Barcelona,1995-1,12.9(24),-6.0(15),4.1,,12.9,-6.0
Barcelona,1995-2,17.2(05),-3.6(03),5.8,,17.2,-3.6
Barcelona,1995-3,19.5(27),-4.8(22),6.7,,19.5,-4.8
Barcelona,1995-4,23.5(02),-4.0(25),9.1,,23.5,-4.0
Barcelona,1995-5,26.8(28),0.0(13),13.6,,26.8,0.0
Barcelona,1995-6,31.0(19),4.0(10),16.0,,31.0,4.0
Barcelona,1995-7,37.4(21),7.8(05),20.6,,37.4,7.8
Barcelona,1995-8,34.2(17),6.6(29),19.5,,34.2,6.6
Barcelona,1995-9,29.4(02),1.2(27),13.7,,29.4,1.2
Barcelona,1995-10,27.8(02),0.0(30),14.1,,27.8,0.0
Barcelona,1995-11,21.7(01),-3.7(06),8.6,,21.7,-3.7
Barcelona,1995-12,13.6(24),-5.2(15),4.8,,13.6,-5.2
Barcelona,1995-13,37.4(21/jul),-6.0(15/ene),11.4,,37.4,-6.0
Barcelona,1996-1,12.0(04),-2.0(30),5.6,,12.0,-2.0
Barcelona,1996-2,13.6(07),-8.6(22),2.5,,13.6,-8.6
Barcelona,1996-3,22.0(23),-7.0(12),6.5,,22.0,-7.0
Barcelona,1996-4,21.4(19),-3.0(04),9.5,,21.4,-3.0
Barcelona,1996-5,30.0(30),0.0(19),11.4,,30.0,0.0
Barcelona,1996-6,30.8(15),3.6(03),17.2,,30.8,3.6
Barcelona,1996-7,35.0(22),5.4(09),19.5,,35.0,5.4
Barcelona,1996-8,32.4(17),6.0(28),18.1,,32.4,6.0
Barcelona,1996-9,28.5(29),2.3(26),14.2,,28.5,2.3
Barcelona,1996-10,25.0(22),-2.5(31),11.0,,25.0,-2.5
Barcelona,1996-11,24.0(02),-4.2(16),6.5,,24.0,-4.2
Barcelona,1996-12,13.0(17),-6.8(27),4.6,,13.0,-6.8
Barcelona,1996-13,35.0(22/jul),-8.6(22/feb),10.6,,35.0,-8.6
Barcelona,1997-1,15.0(12),-7.8(07),3.9,,15.0,-7.8
Barcelona,1997-2,20.5(27),-4.4(10),6.6,,20.5,-4.4
Barcelona,1997-3,22.4(17),-2.4(11),9.6,,22.4,-2.4
Barcelona,1997-4,23.5(16),-3.0(23),10.7,,23.5,-3.0
Barcelona,1997-5,27.7(02),0.0(08),12.8,,27.7,0.0
Barcelona,1997-6,26.9(09),5.4(24),14.9,,26.9,5.4
Barcelona,1997-7,30.8(29),7.0(03),17.6,,30.8,7.0
Barcelona,1997-8,32.9(14),7.5(30),20.2,,32.9,7.5
Barcelona,1997-9,30.0(05),5.3(03),17.3,,30.0,5.3
Barcelona,1997-10,27.6(04),-1.7(30),13.9,,27.6,-1.7
Barcelona,1997-11,15.8(03),-1.6(23),7.4,,15.8,-1.6
Barcelona,1997-12,12.0(11),-5.6(06),4.7,,12.0,-5.6
Barcelona,1997-13,32.9(14/ago),-7.8(07/ene),11.6,,32.9,-7.8
Barcelona,1998-1,15.4(09),-4.7(26),4.9,,15.4,-4.7
Barcelona,1998-2,21.2(14),-6.5(06),6.1,,21.2,-6.5
Barcelona,1998-3,22.1(27),-3.2(02),8.9,,22.1,-3.2
Barcelona,1998-4,23.0(25),-4.0(18),7.3,,23.0,-4.0
Barcelona,1998-5,25.5(09),0.5(06),12.0,,25.5,0.5
Barcelona,1998-6,34.0(20),4.0(03),16.7,,34.0,4.0
Barcelona,1998-7,35.0(19),6.2(15),19.2,,35.0,6.2
Barcelona,1998-8,37.3(11),5.5(03),20.6,,37.3,5.5
Barcelona,1998-9,30.6(01),5.6(15),16.3,,30.6,5.6
Barcelona,1998-10,23.2(14),-0.3(27),10.2,,23.2,-0.3
Barcelona,1998-11,16.5(09),-7.8(22),6.0,,16.5,-7.8
Barcelona,1998-12,15.3(16),-6.2(23),3.4,,15.3,-6.2
Barcelona,1998-13,37.3(11/ago),-7.8(22/nov),11.0,,37.3,-7.8
Barcelona,1999-1,16.0(05),-10.6(11),3.1,,16.0,-10.6
Barcelona,1999-2,15.2(21),-5.5(01),3.6,,15.2,-5.5
Barcelona,1999-3,21.1(31),-4.6(01),7.0,,21.1,-4.6
Barcelona,1999-4,24.4(06),-3.0(18),8.9,,24.4,-3.0
Barcelona,1999-5,29.3(31),2.0(17),14.0,,29.3,2.0
Barcelona,1999-6,30.5(30),3.5(04),16.4,,30.5,3.5
Barcelona,1999-7,35.6(01),9.0(14),20.5,,35.6,9.0
Barcelona,1999-8,35.2(24),8.4(14),19.9,,35.2,8.4
Barcelona,1999-9,31.0(11),6.5(16),16.8,,31.0,6.5
Barcelona,1999-10,24.3(10),2.2(10),11.7,,24.3,2.2
Barcelona,1999-11,17.9(01),-3.8(21),4.4,,17.9,-3.8
Barcelona,1999-12,13.0(26),-5.5(08),3.6,,13.0,-5.5
Barcelona,1999-13,35.6(01/jul),-10.6(11/ene),10.8,,35.6,-10.6
Barcelona,2000-1,16.8(31),-7.6(26),1.4,,16.8,-7.6
Barcelona,2000-2,20.6(25),-4.4(21),7.1,,20.6,-4.4
Barcelona,2000-3,22.5(11),-4.5(30),7.5,,22.5,-4.5
Barcelona,2000-4,17.7(25),-2.4(01),7.9,,17.7,-2.4
Barcelona,2000-5,28.3(31),3.2(01),14.0,,28.3,3.2
Barcelona,2000-6,33.5(26),3.0(06),17.7,,33.5,3.0
Barcelona,2000-7,36.4(21),5.4(11),18.9,,36.4,5.4
Barcelona,2000-8,35.8(10),6.3(22),19.5,,35.8,6.3
Barcelona,2000-9,34.3(10),3.4(30),17.0,,34.3,3.4
Barcelona,2000-10,26.0(04),-0.2(08),11.0,,26.0,-0.2
Barcelona,2000-11,16.8(28),-4.4(15),6.2,,16.8,-4.4
Barcelona,2000-12,15.3(07),-3.8(31),6.4,,15.3,-3.8
Barcelona,2000-13,36.4(21/jul),-7.6(26/ene),11.2,,36.4,-7.6
Barcelona,2001-1,13.2(05),-1.4(20),4.9,,13.2,-1.4
Barcelona,2001-2,15.8(12),-4.0(22),4.8,,15.8,-4.0
Barcelona,2001-3,22.0(23),-0.2(01),9.9,,22.0,-0.2
Barcelona,2001-4,21.2(01),-2.3(20),8.9,,21.2,-2.3
Barcelona,2001-5,33.4(30),-3.0(01),13.2,,33.4,-3.0
Barcelona,2001-6,36.6(22),2.6(11),18.4,,36.6,2.6
Barcelona,2001-7,35.6(02),4.0(20),19.4,,35.6,4.0
Barcelona,2001-8,35.4(24),8.7(19),21.0,,35.4,8.7
Barcelona,2001-9,29.4(12),3.3(26),15.4,,29.4,3.3
Barcelona,2001-10,26.8(29),1.5(25),13.6,,26.8,1.5
Barcelona,2001-11,17.6(03),-4.0(11),4.5,,17.6,-4.0
Barcelona,2001-12,13.6(07),-13.4(25),0.9,,13.6,-13.4
Barcelona,2001-13,36.6(22/jun),-13.4(25/dic),11.2,,36.6,-13.4
Barcelona,2002-1,17.2(29),-5.6(12),5.0,,17.2,-5.6
Barcelona,2002-2,16.5(13),-4.5(20),5.7,,16.5,-4.5
Barcelona,2002-3,23.8(22),-4.5(02),8.2,,23.8,-4.5
Barcelona,2002-4,25.0(25),-2.4(15),9.2,,25.0,-2.4
Barcelona,2002-5,29.3(31),-1.4(02),12.1,,29.3,-1.4
Barcelona,2002-6,36.4(17),0.1(09),17.7,,36.4,0.1
Barcelona,2002-7,35.0(27),5.0(14),18.9,,35.0,5.0
Barcelona,2002-8,36.2(14),6.5(01),18.4,,36.2,6.5
Barcelona,2002-9,28.5(02),0.5(28),15.8,,28.5,0.5
Barcelona,2002-10,22.8(29),0.6(11),12.4,,22.8,0.6
Barcelona,2002-11,17.1(03),0.6(24),7.9,,17.1,0.6
Barcelona,2002-12,16.3(18),-2.0(13),6.5,,16.3,-2.0
Barcelona,2002-13,36.4(17/jun),-5.6(12/ene),11.5,,36.4,-5.6
Barcelona,2003-1,16.6(27),-6.8(14),3.3,,16.6,-6.8
Barcelona,2003-2,11.5(27),-8.7(16),3.3,,11.5,-8.7
Barcelona,2003-3,21.8(13),-4.4(18),9.2,,21.8,-4.4
Barcelona,2003-4,22.0(13),-1.4(10),10.2,,22.0,-1.4
Barcelona,2003-5,30.4(30),2.6(17),13.3,,30.4,2.6
Barcelona,2003-6,36.9(22),8.8(11),21.0,,36.9,8.8
Barcelona,2003-7,36.0(13),8.2(17),21.0,,36.0,8.2
Barcelona,2003-8,38.8(04),9.2(27),23.4,,38.8,9.2
Barcelona,2003-9,31.5(18),3.0(10),17.4,,31.5,3.0
Barcelona,2003-10,24.5(11),-0.6(25),10.7,,24.5,-0.6
Barcelona,2003-11,19.6(07),-1.0(19),7.6,,19.6,-1.0
Barcelona,2003-12,11.4(16),-2.8(17),4.2,,11.4,-2.8
Barcelona,2003-13,38.8(04/ago),-8.7(16/feb),12.1,,38.8,-8.7
Barcelona,2004-1,13.5(11),-3.6(15),4.9,,13.5,-3.6
Barcelona,2004-2,18.5(05),-6.8(20),4.0,,18.5,-6.8
Barcelona,2004-3,19.9(20),-6.5(01),5.6,,19.9,-6.5
Barcelona,2004-4,23.2(26),-2.3(10),8.0,,23.2,-2.3
Barcelona,2004-5,26.6(20),-2.4(08),11.9,,26.6,-2.4
Barcelona,2004-6,34.2(27),6.7(03),18.7,,34.2,6.7
Barcelona,2004-7,36.2(31),4.0(09),19.8,,36.2,4.0
Barcelona,2004-8,36.1(01),5.6(21),19.7,,36.1,5.6
Barcelona,2004-9,31.0(05),2.6(17),17.3,,31.0,2.6
Barcelona,2004-10,29.1(04),-0.6(13),12.8,,29.1,-0.6
Barcelona,2004-11,15.6(20),-5.6(25),5.1,,15.6,-5.6
Barcelona,2004-12,15.2(11),-7.5(28),3.5,,15.2,-7.5
Barcelona,2004-13,36.2(31/jul),-7.5(28/dic),10.9,,36.2,-7.5
Barcelona,2005-1,12.8(21),-9.4(10),2.1,,12.8,-9.4
Barcelona,2005-2,12.7(11),-9.2(25),1.2,,12.7,-9.2
Barcelona,2005-3,22.8(19),-12.0(01),6.9,,22.8,-12.0
Barcelona,2005-4,27.0(29),-1.8(17),9.6,,27.0,-1.8
Barcelona,2005-5,30.7(25),1.0(07),13.9,,30.7,1.0
Barcelona,2005-6,34.2(18),6.4(05),19.8,,34.2,6.4
Barcelona,2005-7,37.0(14),7.1(05),20.6,,37.0,7.1
Barcelona,2005-8,36.5(08),6.0(02),20.0,,36.5,6.0
Barcelona,2005-9,34.2(03),0.9(19),16.4,,34.2,0.9
Barcelona,2005-10,25.8(09),-0.8(05),12.9,,25.8,-0.8
Barcelona,2005-11,16.3(02),-2.4(26),5.7,,16.3,-2.4
Barcelona,2005-12,13.3(23),-9.4(24),2.8,,13.3,-9.4
Barcelona,2005-13,37.0(14/jul),-12.0(01/mar),11.0,,37.0,-12.0
Barcelona,2006-1,11.0(31),-8.0(29),2.2,,11.0,-8.0
Barcelona,2006-2,14.9(13),-7.4(09),2.9,,14.9,-7.4
Barcelona,2006-3,20.7(14),-5.4(01),7.9,,20.7,-5.4
Barcelona,2006-4,23.2(04),-3.4(12),10.3,,23.2,-3.4
Barcelona,2006-5,29.7(27),-0.6(01),14.8,,29.7,-0.6
Barcelona,2006-6,33.2(23),2.4(01),19.0,,33.2,2.4
Barcelona,2006-7,36.5(10),10.4(07),23.1,,36.5,10.4
Barcelona,2006-8,33.0(31),5.4(13),18.5,,33.0,5.4
Barcelona,2006-9,35.9(05),4.7(16),18.0,,35.9,4.7
Barcelona,2006-10,26.5(29),3.7(05),14.0,,26.5,3.7
Barcelona,2006-11,19.0(10),-2.6(30),9.2,,19.0,-2.6
Barcelona,2006-12,14.0(04),-7.5(24),3.6,,14.0,-7.5
Barcelona,2006-13,36.5(10/jul),-8.0(29/ene),12.0,,36.5,-8.0
Barcelona,2007-1,16.2(12),-6.6(26),3.4,,16.2,-6.6
Barcelona,2007-2,16.3(15),-3.0(26),6.3,,16.3,-3.0
Barcelona,2007-3,19.0(04),-5.5(22),5.6,,19.0,-5.5
Barcelona,2007-4,25.7(24),-3.7(01),10.5,,25.7,-3.7
Barcelona,2007-5,25.8(18),0.9(01),12.7,,25.8,0.9
Barcelona,2007-6,29.5(30),3.8(01),16.1,,29.5,3.8
Barcelona,2007-7,36.5(31),5.4(10),19.1,,36.5,5.4
Barcelona,2007-8,36.8(04),6.0(09),18.2,,36.8,6.0
Barcelona,2007-9,28.0(09),-1.0(28),15.8,,28.0,-1.0
Barcelona,2007-10,22.5(02),-1.9(28),11.2,,22.5,-1.9
Barcelona,2007-11,18.8(11),-9.9(17),5.4,,18.8,-9.9
Barcelona,2007-12,10.6(09),-9.2(17),2.6,,10.6,-9.2
Barcelona,2007-13,36.8(04/ago),-9.9(17/nov),10.6,,36.8,-9.9
Barcelona,2008-1,15.0(27),-6.5(01),4.8,,15.0,-6.5
Barcelona,2008-2,18.8(23),-4.7(11),6.4,,18.8,-4.7
Barcelona,2008-3,20.6(14),-3.8(07),6.5,,20.6,-3.8
Barcelona,2008-4,25.2(26),-2.4(14),9.3,,25.2,-2.4
Barcelona,2008-5,26.2(03),-0.4(01),12.5,,26.2,-0.4
Barcelona,2008-6,32.1(22),4.3(07),16.1,,32.1,4.3
Barcelona,2008-7,35.6(19),5.0(13),18.9,,35.6,5.0
Barcelona,2008-8,35.7(05),5.2(15),19.7,,35.7,5.2
Barcelona,2008-9,28.0(01),2.9(28),14.9,,28.0,2.9
Barcelona,2008-10,23.1(14),-2.5(24),10.5,,23.1,-2.5
Barcelona,2008-11,15.5(10),-3.4(28),5.5,,15.5,-3.4
Barcelona,2008-12,18.5(22),-6.4(23),4.0,,18.5,-6.4
Barcelona,2008-13,35.7(05/ago),-6.5(01/ene),10.8,,35.7,-6.5
Barcelona,2009-1,14.0(30),-10.9(12),2.8,,14.0,-10.9
Barcelona,2009-2,17.8(27),-4.5(07),4.1,,17.8,-4.5
Barcelona,2009-3,21.0(13),-3.4(25),6.8,,21.0,-3.4
Barcelona,2009-4,23.2(23),-1.8(13),8.2,,23.2,-1.8
Barcelona,2009-5,27.6(20),1.8(15),13.8,,27.6,1.8
Barcelona,2009-6,34.2(13),6.3(01),17.7,,34.2,6.3
Barcelona,2009-7,35.0(26),6.3(18),20.1,,35.0,6.3
Barcelona,2009-8,35.0(23),8.5(30),20.7,,35.0,8.5
Barcelona,2009-9,30.5(08),6.0(17),16.4,,30.5,6.0
Barcelona,2009-10,27.2(05),-3.4(19),13.0,,27.2,-3.4
Barcelona,2009-11,19.4(16),-0.6(30),8.7,,19.4,-0.6
Barcelona,2009-12,12.8(10),-17.1(20),2.9,,12.8,-17.1
Barcelona,2009-13,35.0(26/jul),-17.1(20/dic),11.3,,35.0,-17.1
Barcelona,2010-1,10.7(19),-16.0(10),2.2,,10.7,-16.0
Barcelona,2010-2,17.0(27),-5.5(12),3.0,,17.0,-5.5
Barcelona,2010-3,17.6(18),-5.5(08),5.9,,17.6,-5.5
Barcelona,2010-4,27.0(28),-1.8(05),9.9,,27.0,-1.8
Barcelona,2010-5,26.2(24),-0.3(07),10.6,,26.2,-0.3
Barcelona,2010-6,30.3(05),4.0(20),15.3,,30.3,4.0
Barcelona,2010-7,34.5(07),8.0(24),20.5,,34.5,8.0
Barcelona,2010-8,34.2(21),7.6(31),19.4,,34.2,7.6
Barcelona,2010-9,31.7(05),0.2(27),15.6,,31.7,0.2
Barcelona,2010-10,24.2(02),-4.4(26),10.5,,24.2,-4.4
Barcelona,2010-11,17.9(03),-6.1(27),5.0,,17.9,-6.1
Barcelona,2010-12,15.0(11),-10.5(03),2.7,,15.0,-10.5
Barcelona,2010-13,34.5(07/jul),-16.0(10/ene),10.1,,34.5,-16.0
Barcelona,2011-1,13.0(06),-6.2(22),3.2,,13.0,-6.2
Barcelona,2011-2,18.6(25),-4.7(06),4.8,,18.6,-4.7
Barcelona,2011-3,18.5(31),-4.0(06),6.7,,18.5,-4.0
Barcelona,2011-4,27.0(08),-0.2(13),11.7,,27.0,-0.2
Barcelona,2011-5,28.5(25),3.0(15),14.2,,28.5,3.0
Barcelona,2011-6,35.3(26),3.7(01),16.2,,35.3,3.7
Barcelona,2011-7,32.0(11),5.8(23),17.3,,32.0,5.8
Barcelona,2011-8,36.7(20),6.4(27),20.1,,36.7,6.4
Barcelona,2011-9,32.0(09),2.6(19),17.9,,32.0,2.6
Barcelona,2011-10,28.6(11),-1.6(21),12.5,,28.6,-1.6
Barcelona,2011-11,20.0(12),-1.6(27),8.9,,20.0,-1.6
Barcelona,2011-12,11.0(01),-5.0(27),4.1,,11.0,-5.0
Barcelona,2011-13,36.7(20/ago),-6.2(22/ene),11.5,,36.7,-6.2
Barcelona,2012-1,12.4(19),-5.4(10),3.7,,12.4,-5.4
Barcelona,2012-2,17.7(29),-10.0(11),1.3,,17.7,-10.0
Barcelona,2012-3,22.6(15),-4.5(06),7.2,,22.6,-4.5
Barcelona,2012-4,18.3(02),-2.4(08),6.6,,18.3,-2.4
Barcelona,2012-5,29.5(25),2.3(01),13.5,,29.5,2.3
Barcelona,2012-6,34.6(27),5.2(09),18.0,,34.6,5.2
Barcelona,2012-7,34.0(18),6.0(02),18.7,,34.0,6.0
Barcelona,2012-8,37.2(10),7.8(31),20.8,,37.2,7.8
Barcelona,2012-9,31.7(15),4.0(02),16.1,,31.7,4.0
Barcelona,2012-10,27.6(08),-3.3(29),11.2,,27.6,-3.3
Barcelona,2012-11,17.5(15),-3.5(22),6.4,,17.5,-3.5
Barcelona,2012-12,13.8(24),-3.4(06),4.7,,13.8,-3.4
Barcelona,2012-13,37.2(10/ago),-10.0(11/feb),10.7,,37.2,-10.0
Barcelona,2013-1,14.0(05),-3.7(07),4.1,,14.0,-3.7
Barcelona,2013-2,12.2(20),-4.8(24),2.9,,12.2,-4.8
Barcelona,2013-3,15.7(07),-3.4(13),6.4,,15.7,-3.4
Barcelona,2013-4,24.0(17),-3.5(21),7.8,,24.0,-3.5
Barcelona,2013-5,22.5(14),-0.8(04),8.8,,22.5,-0.8
Barcelona,2013-6,30.4(16),4.0(04),13.7,,30.4,4.0
Barcelona,2013-7,33.8(31),9.2(31),20.8,,33.8,9.2
Barcelona,2013-8,34.2(21),6.8(21),19.1,,34.2,6.8
Barcelona,2013-9,29.4(03),4.8(12),16.4,,29.4,4.8
Barcelona,2013-10,23.3(18),-2.0(31),12.7,,23.3,-2.0
Barcelona,2013-11,19.5(05),-4.0(28),6.1,,19.5,-4.0
Barcelona,2013-12,13.6(16),-8.2(10),3.2,,13.6,-8.2
Barcelona,2013-13,34.2(21/ago),-8.2(10/dic),10.2,,34.2,-8.2
Barcelona,2014-1,15.8(10),-2.8(30),5.2,,15.8,-2.8
Barcelona,2014-2,14.7(06),-2.7(02),4.4,,14.7,-2.7
Barcelona,2014-3,21.3(17),-2.6(24),7.0,,21.3,-2.6
Barcelona,2014-4,23.7(18),1.6(18),11.4,,23.7,1.6
Barcelona,2014-5,25.4(10),0.9(04),11.6,,25.4,0.9
Barcelona,2014-6,29.8(12),4.0(05),16.3,,29.8,4.0
Barcelona,2014-7,34.6(16),5.8(10),18.1,,34.6,5.8
Barcelona,2014-8,31.4(25),4.3(17),19.1,,31.4,4.3
Barcelona,2014-9,32.0(02),4.3(27),17.7,,32.0,4.3
Barcelona,2014-10,26.4(20),1.1(23),14.7,,26.4,1.1
Barcelona,2014-11,20.0(01),-0.7(10),8.0,,20.0,-0.7
Barcelona,2014-12,11.5(22),-7.1(30),3.6,,11.5,-7.1
Barcelona,2014-13,34.6(16/jul),-7.1(30/dic),11.4,,34.6,-7.1
Barcelona,2015-1,12.0(02),-9.0(24),2.2,,12.0,-9.0
Barcelona,2015-2,12.2(28),-9.3(10),2.1,,12.2,-9.3
Barcelona,2015-3,21.5(30),-3.5(16),6.8,,21.5,-3.5
Barcelona,2015-4,23.4(14),-1.8(08),10.0,,23.4,-1.8
Barcelona,2015-5,31.1(13),1.9(15),13.8,,31.1,1.9
Barcelona,2015-6,35.9(30),6.5(16),17.9,,35.9,6.5
Barcelona,2015-7,35.7(06),9.2(26),21.9,,35.7,9.2
Barcelona,2015-8,34.1(29),8.2(01),19.8,,34.1,8.2
Barcelona,2015-9,27.7(11),3.0(18),14.4,,27.7,3.0
Barcelona,2015-10,21.5(10),-1.8(16),11.5,,21.5,-1.8
Barcelona,2015-11,21.5(08),-3.9(30),8.0,,21.5,-3.9
Barcelona,2015-12,16.9(19),-7.0(01),6.3,,16.9,-7.0
Barcelona,2015-13,35.9(30/jun),-9.3(10/feb),11.2,,35.9,-9.3
Barcelona,2016-1,17.5(24),-4.0(17),5.3,,17.5,-4.0
Barcelona,2016-2,15.5(21),-8.2(17),4.5,,15.5,-8.2
Barcelona,2016-3,17.9(30),-5.0(14),5.0,,17.9,-5.0
Barcelona,2016-4,17.0(29),-4.5(02),7.4,,17.0,-4.5
Barcelona,2016-5,25.0(21),-1.1(02),11.8,,25.0,-1.1
Barcelona,2016-6,33.3(22),1.5(01),16.9,,33.3,1.5
Barcelona,2016-7,35.6(18),5.9(14),20.5,,35.6,5.9
Barcelona,2016-8,35.5(23),7.9(10),20.2,,35.5,7.9
Barcelona,2016-9,35.2(06),3.9(19),17.6,,35.2,3.9
Barcelona,2016-10,26.3(03),-0.7(31),12.9,,26.3,-0.7
Barcelona,2016-11,21.0(02),-2.8(07),6.0,,21.0,-2.8
Barcelona,2016-12,15.7(29),-8.2(31),5.2,,15.7,-8.2
Barcelona,2016-13,35.6(18/jul),-8.2(17/feb),11.1,,35.6,-8.2
Barcelona,2017-1,13.4(31),-9.8(01),2.7,,13.4,-9.8
Barcelona,2017-2,21.4(22),-4.2(25),6.1,,21.4,-4.2
Barcelona,2017-3,23.1(10),-2.0(24),7.7,,23.1,-2.0
Barcelona,2017-4,26.3(24),-4.4(28),9.5,,26.3,-4.4
Barcelona,2017-5,32.1(25),-0.8(01),14.9,,32.1,-0.8
Barcelona,2017-6,35.6(18),4.9(05),19.6,,35.6,4.9
Barcelona,2017-7,36.0(17),4.0(02),20.4,,36.0,4.0
Barcelona,2017-8,36.8(21),6.5(09),20.0,,36.8,6.5
Barcelona,2017-9,30.6(05),0.5(17),15.3,,30.6,0.5
Barcelona,2017-10,28.5(04),-0.3(08),13.8,,28.5,-0.3
Barcelona,2017-11,19.3(01),-4.8(27),6.5,,19.3,-4.8
Barcelona,2017-12,12.7(14),-7.2(06),3.6,,12.7,-7.2
Barcelona,2017-13,36.8(21/ago),-9.8(01/ene),11.7,,36.8,-9.8
Barcelona,2018-1,13.9(03),-5.3(08),3.9,,13.9,-5.3
Barcelona,2018-2,13.0(25),-8.2(27),2.1,,13.0,-8.2
Barcelona,2018-3,16.4(27),-2.4(19),5.6,,16.4,-2.4
Barcelona,2018-4,24.8(18),0.3(30),10.0,,24.8,0.3
Barcelona,2018-5,24.1(07),-2.7(13),11.8,,24.1,-2.7
Barcelona,2018-6,31.4(26),5.3(06),16.5,,31.4,5.3
Barcelona,2018-7,32.8(26),10.4(03),20.1,,32.8,10.4
Barcelona,2018-8,36.7(06),8.5(18),20.5,,36.7,8.5
Barcelona,2018-9,32.7(02),5.1(25),18.6,,32.7,5.1
Barcelona,2018-10,26.7(05),-0.3(29),11.5,,26.7,-0.3
Barcelona,2018-11,17.1(04),-1.0(04),7.4,,17.1,-1.0
Barcelona,2018-12,15.3(05),-3.9(27),5.7,,15.3,-3.9
Barcelona,2018-13,36.7(06/ago),-8.2(27/feb),11.1,,36.7,-8.2
Barcelona,2019-1,12.8(01),-5.9(16),3.0,,12.8,-5.9
Barcelona,2019-2,21.2(26),-9.5(04),5.7,,21.2,-9.5
Barcelona,2019-3,21.3(16),-4.6(22),7.4,,21.3,-4.6
Barcelona,2019-4,21.8(15),-5.2(04),8.7,,21.8,-5.2
Barcelona,2019-5,28.8(31),-0.9(06),11.4,,28.8,-0.9
Barcelona,2019-6,38.8(27),0.8(12),17.7,,38.8,0.8
Barcelona,2019-7,35.6(22),9.1(10),20.6,,35.6,9.1
Barcelona,2019-8,33.9(24),6.6(23),20.2,,33.9,6.6
Barcelona,2019-9,27.2(17),3.5(09),16.1,,27.2,3.5
Barcelona,2019-10,27.7(08),2.0(22),13.1,,27.7,2.0
Barcelona,2019-11,17.2(01),-2.0(19),6.7,,17.2,-2.0
Barcelona,2019-12,15.5(25),-4.4(28),6.1,,15.5,-4.4
Barcelona,2019-13,38.8(27/jun),-9.5(04/feb),11.4,,38.8,-9.5
Barcelona,2020-1,14.3(08),-5.6(07),4.2,,14.3,-5.6
Barcelona,2020-2,20.3(23),-4.2(19),7.7,,20.3,-4.2
Barcelona,2020-3,21.6(11),-4.0(27),7.3,,21.6,-4.0
Barcelona,2020-4,19.9(25),-3.1(04),11.2,,19.9,-3.1
Barcelona,2020-5,28.8(22),1.3(17),14.7,,28.8,1.3
Barcelona,2020-6,33.0(23),2.9(09),16.1,,33.0,2.9
Barcelona,2020-7,38.0(27),5.7(04),20.5,,38.0,5.7
Barcelona,2020-8,38.2(07),3.5(31),19.9,,38.2,3.5
Barcelona,2020-9,33.2(04),1.4(28),16.1,,33.2,1.4
Barcelona,2020-10,23.6(19),-0.4(17),10.4,,23.6,-0.4
Barcelona,2020-11,17.6(18),-3.6(22),8.5,,17.6,-3.6
Barcelona,2020-12,15.1(22),-3.4(26),4.6,,15.1,-3.4
Barcelona,2020-13,38.2(07/ago),-5.6(07/ene),11.8,,38.2,-5.6
Cordoba,1990-1,17.2(27),-1.4(23),9.6,,17.2,-1.4
Cordoba,1990-2,25.0(24),1.6(16),13.0,,25.0,1.6
Cordoba,1990-3,28.6(22),1.0(28),14.8,,28.6,1.0
Cordoba,1990-4,26.0(17),2.4(22),14.8,,26.0,2.4
Cordoba,1990-5,34.0(30),9.8(08),20.3,,34.0,9.8
Cordoba,1990-6,38.4(24),12.2(06),23.9,,38.4,12.2
Cordoba,1990-7,43.0(24),15.2(01),28.8,,43.0,15.2
Cordoba,1990-8,41.2(04),16.2(31),28.4,,41.2,16.2
Cordoba,1990-9,37.4(05),13.4(22),25.8,,37.4,13.4
Cordoba,1990-10,31.0(01),8.4(10),18.6,,31.0,8.4
Cordoba,1990-11,24.0(17),-0.6(29),12.5,,24.0,-0.6
Cordoba,1990-12,17.0(29),-1.4(13),8.8,,17.0,-1.4
Cordoba,1990-13,43.0(24/jul),-1.4(23/ene),18.3,,43.0,-1.4
Cordoba,1991-1,18.8(10),-2.0(31),8.6,,18.8,-2.0
Cordoba,1991-2,20.6(24),-1.6(03),8.9,,20.6,-1.6
Cordoba,1991-3,26.4(20),4.0(02),13.5,,26.4,4.0
Cordoba,1991-4,30.0(30),3.0(27),14.9,,30.0,3.0
Cordoba,1991-5,34.8(24),2.4(09),18.6,,34.8,2.4
Cordoba,1991-6,40.6(25),12.4(11),25.1,,40.6,12.4
Cordoba,1991-7,44.4(14),13.0(30),27.9,,44.4,13.0
Cordoba,1991-8,44.4(06),16.2(01),28.8,,44.4,16.2
Cordoba,1991-9,39.8(19),9.4(27),24.9,,39.8,9.4
Cordoba,1991-10,30.2(06),5.0(21),16.3,,30.2,5.0
Cordoba,1991-11,24.4(02),-1.0(23),12.1,,24.4,-1.0
Cordoba,1991-12,19.5(05),-0.7(28),10.4,,19.5,-0.7
Cordoba,1991-13,44.4(14/jul),-2.0(31/ene),17.5,,44.4,-2.0
Cordoba,1992-1,17.6(30),-6.4(23),7.3,,17.6,-6.4
Cordoba,1992-2,21.6(06),-4.4(04),10.0,,21.6,-4.4
Cordoba,1992-3,29.8(22),-2.0(26),13.6,,29.8,-2.0
Cordoba,1992-4,31.5(27),5.0(06),16.3,,31.5,5.0
Cordoba,1992-5,35.0(18),7.0(04),20.7,,35.0,7.0
Cordoba,1992-6,33.8(27),9.2(05),20.2,,33.8,9.2
Cordoba,1992-7,41.5(28),13.4(02),27.4,,41.5,13.4
Cordoba,1992-8,43.1(24),12.4(30),27.8,,43.1,12.4
Cordoba,1992-9,40.8(15),10.4(23),23.8,,40.8,10.4
Cordoba,1992-10,32.2(02),5.0(22),16.0,,32.2,5.0
Cordoba,1992-11,24.2(05),1.2(30),13.1,,24.2,1.2
Cordoba,1992-12,18.6(03),-0.4(09),10.0,,18.6,-0.4
Cordoba,1992-13,43.1(24/ago),-6.4(23/ene),17.2,,43.1,-6.4
Cordoba,1993-1,18.8(26),-4.2(11),7.9,,18.8,-4.2
Cordoba,1993-2,21.6(21),-1.0(18),10.6,,21.6,-1.0
Cordoba,1993-3,27.4(21),-4.2(01),14.1,,27.4,-4.2
Cordoba,1993-4,30.2(07),3.2(03),15.0,,30.2,3.2
Cordoba,1993-5,30.8(31),7.2(21),18.0,,30.8,7.2
Cordoba,1993-6,38.5(17),11.6(03),23.5,,38.5,11.6
Cordoba,1993-7,42.6(28),13.8(11),28.6,,42.6,13.8
Cordoba,1993-8,43.8(04),11.8(27),27.8,,43.8,11.8
Cordoba,1993-9,37.8(01),7.4(28),22.0,,37.8,7.4
Cordoba,1993-10,27.6(04),4.4(25),16.1,,27.6,4.4
Cordoba,1993-11,22.4(15),1.4(27),12.5,,22.4,1.4
Cordoba,1993-12,20.0(30),-3.6(24),9.5,,20.0,-3.6
Cordoba,1993-13,43.8(04/ago),-4.2(11/ene),17.1,,43.8,-4.2
Cordoba,1994-1,21.4(29),-2.4(21),8.8,,21.4,-2.4
Cordoba,1994-2,20.8(25),-1.8(06),10.3,,20.8,-1.8
Cordoba,1994-3,29.5(25),3.8(03),15.6,,29.5,3.8
Cordoba,1994-4,31.2(29),1.2(17),14.8,,31.2,1.2
Cordoba,1994-5,34.2(03),7.3(12),19.7,,34.2,7.3
Cordoba,1994-6,42.5(30),11.2(03),25.4,,42.5,11.2
Cordoba,1994-7,44.0(04),16.0(07),29.4,,44.0,16.0
Cordoba,1994-8,44.4(26),16.4(25),29.0,,44.4,16.4
Cordoba,1994-9,37.2(03),8.4(19),22.8,,37.2,8.4
Cordoba,1994-10,30.2(13),10.3(30),19.7,,30.2,10.3
Cordoba,1994-11,24.0(01),2.4(27),14.8,,24.0,2.4
Cordoba,1994-12,21.2(01),-5.2(27),9.8,,21.2,-5.2
Cordoba,1994-13,44.4(26/ago),-5.2(27/dic),18.3,,44.4,-5.2
Cordoba,1995-1,18.6(30),-4.4(14),8.9,,18.6,-4.4
Cordoba,1995-2,22.0(20),-0.8(28),12.3,,22.0,-0.8
Cordoba,1995-3,29.7(29),1.8(04),14.3,,29.7,1.8
Cordoba,1995-4,32.2(09),2.8(24),17.1,,32.2,2.8
Cordoba,1995-5,36.6(29),7.6(13),22.7,,36.6,7.6
Cordoba,1995-6,38.4(05),12.6(02),24.9,,38.4,12.6
Cordoba,1995-7,46.6(23),15.4(05),28.8,,46.6,15.4
Cordoba,1995-8,42.4(13),17.6(04),29.1,,42.4,17.6
Cordoba,1995-9,38.2(01),8.8(27),22.8,,38.2,8.8
Cordoba,1995-10,33.8(01),10.8(22),21.7,,33.8,10.8
Cordoba,1995-11,28.6(01),3.8(27),15.9,,28.6,3.8
Cordoba,1995-12,19.4(22),3.8(04),12.7,,19.4,3.8
Cordoba,1995-13,46.6(23/jul),-4.4(14/ene),19.3,,46.6,-4.4
Cordoba,1996-1,18.6(06),2.8(13),11.5,,18.6,2.8
Cordoba,1996-2,19.2(06),-1.5(24),9.9,,19.2,-1.5
Cordoba,1996-3,28.2(29),2.4(18),13.9,,28.2,2.4
Cordoba,1996-4,30.8(15),7.6(23),17.2,,30.8,7.6
Cordoba,1996-5,37.6(28),6.2(12),19.0,,37.6,6.2
Cordoba,1996-6,40.6(29),11.2(04),25.7,,40.6,11.2
Cordoba,1996-7,42.4(20),15.0(09),27.8,,42.4,15.0
Cordoba,1996-8,38.0(09),14.2(22),26.1,,38.0,14.2
Cordoba,1996-9,34.0(07),11.8(26),21.9,,34.0,11.8
Cordoba,1996-10,30.0(23),5.8(08),18.2,,30.0,5.8
Cordoba,1996-11,26.6(03),1.4(19),13.5,,26.6,1.4
Cordoba,1996-12,19.8(01),0.8(08),11.4,,19.8,0.8
Cordoba,1996-13,42.4(20/jul),-1.5(24/feb),18.0,,42.4,-1.5
Cordoba,1997-1,20.0(31),3.6(06),10.8,,20.0,3.6
Cordoba,1997-2,26.6(28),3.6(16),13.4,,26.6,3.6
Cordoba,1997-3,29.2(18),4.2(11),16.7,,29.2,4.2
Cordoba,1997-4,34.0(30),7.6(13),19.1,,34.0,7.6
Cordoba,1997-5,31.8(29),7.6(08),20.0,,31.8,7.6
Cordoba,1997-6,34.4(25),11.8(30),22.3,,34.4,11.8
Cordoba,1997-7,40.4(26),11.6(04),26.0,,40.4,11.6
Cordoba,1997-8,40.6(01),14.4(29),26.5,,40.6,14.4
Cordoba,1997-9,38.0(11),13.8(02),25.0,,38.0,13.8
Cordoba,1997-10,32.8(11),5.6(31),20.5,,32.8,5.6
Cordoba,1997-11,22.2(01),4.6(23),14.0,,22.2,4.6
Cordoba,1997-12,17.6(22),1.8(07),10.8,,17.6,1.8
Cordoba,1997-13,40.6(01/ago),1.8(07/dic),18.8,,40.6,1.8
Cordoba,1998-1,18.4(19),1.8(18),10.3,,18.4,1.8
Cordoba,1998-2,23.6(16),3.0(25),13.3,,23.6,3.0
Cordoba,1998-3,28.5(18),1.8(14),16.0,,28.5,1.8
Cordoba,1998-4,32.2(25),2.0(12),15.3,,32.2,2.0
Cordoba,1998-5,32.0(18),6.8(02),18.9,,32.0,6.8
Cordoba,1998-6,38.6(20),13.0(03),24.6,,38.6,13.0
Cordoba,1998-7,40.6(12),14.0(03),28.1,,40.6,14.0
Cordoba,1998-8,41.8(25),15.8(04),28.4,,41.8,15.8
Cordoba,1998-9,37.4(09),15.0(11),24.3,,37.4,15.0
Cordoba,1998-10,30.8(13),4.8(21),17.8,,30.8,4.8
Cordoba,1998-11,25.2(11),0.2(23),13.7,,25.2,0.2
Cordoba,1998-12,21.6(12),-3.2(05),8.7,,21.6,-3.2
Cordoba,1998-13,41.8(25/ago),-3.2(05/dic),18.3,,41.8,-3.2
Cordoba,1999-1,20.4(06),-0.8(19),8.8,,20.4,-0.8
Cordoba,1999-2,24.4(23),-3.8(16),9.4,,24.4,-3.8
Cordoba,1999-3,27.4(31),1.6(07),14.2,,27.4,1.6
Cordoba,1999-4,31.2(05),4.6(18),17.8,,31.2,4.6
Cordoba,1999-5,38.4(12),8.0(20),21.4,,38.4,8.0
Cordoba,1999-6,40.4(21),12.4(07),25.5,,40.4,12.4
Cordoba,1999-7,41.8(01),16.6(19),27.9,,41.8,16.6
Cordoba,1999-8,42.0(15),16.4(10),27.8,,42.0,16.4
Cordoba,1999-9,36.4(09),11.8(15),23.2,,36.4,11.8
Cordoba,1999-10,30.4(01),11.6(21),19.4,,30.4,11.6
Cordoba,1999-11,24.0(05),-0.6(21),11.2,,24.0,-0.6
Cordoba,1999-12,20.8(02),0.2(18),10.1,,20.8,0.2
Cordoba,1999-13,42.0(15/ago),-3.8(16/feb),18.1,,42.0,-3.8
Cordoba,2000-1,19.4(31),-1.8(23),8.0,,19.4,-1.8
Cordoba,2000-2,24.2(20),1.0(05),12.7,,24.2,1.0
Cordoba,2000-3,27.4(10),2.3(29),14.6,,27.4,2.3
Cordoba,2000-4,25.2(07),4.0(05),14.2,,25.2,4.0
Cordoba,2000-5,37.8(30),8.8(02),20.6,,37.8,8.8
Cordoba,2000-6,40.4(24),9.8(10),25.6,,40.4,9.8
Cordoba,2000-7,43.8(31),13.6(12),27.6,,43.8,13.6
Cordoba,2000-8,43.6(01),14.5(23),27.9,,43.6,14.5
Cordoba,2000-9,40.4(08),11.4(21),24.9,,40.4,11.4
Cordoba,2000-10,34.4(04),7.2(14),18.6,,34.4,7.2
Cordoba,2000-11,22.4(12),2.4(19),12.6,,22.4,2.4
Cordoba,2000-12,21.4(07),0.6(17),11.3,,21.4,0.6
Cordoba,2000-13,43.8(31/jul),-1.8(23/ene),18.2,,43.8,-1.8
Cordoba,2001-1,17.0(05),0.4(08),10.5,,17.0,0.4
Cordoba,2001-2,22.4(12),2.2(18),11.7,,22.4,2.2
Cordoba,2001-3,27.8(23),6.4(01),15.3,,27.8,6.4
Cordoba,2001-4,29.0(10),6.2(22),17.1,,29.0,6.2
Cordoba,2001-5,36.4(28),7.0(01),19.5,,36.4,7.0
Cordoba,2001-6,41.0(23),12.0(17),25.6,,41.0,12.0
Cordoba,2001-7,40.0(11),14.0(17),26.2,,40.0,14.0
Cordoba,2001-8,42.0(24),15.4(18),28.0,,42.0,15.4
Cordoba,2001-9,37.0(09),12.2(26),24.2,,37.0,12.2
Cordoba,2001-10,32.4(04),9.8(10),20.2,,32.4,9.8
Cordoba,2001-11,27.6(01),-0.6(11),12.2,,27.6,-0.6
Cordoba,2001-12,19.8(07),-0.8(16),9.9,,19.8,-0.8
Cordoba,2001-13,42.0(24/ago),-0.8(16/dic),18.4,,42.0,-0.8
Cordoba,2002-1,20.0(28),1.5(21),10.5,,20.0,1.5
Cordoba,2002-2,23.0(12),-0.6(20),11.5,,23.0,-0.6
Cordoba,2002-3,30.2(23),3.4(08),14.8,,30.2,3.4
Cordoba,2002-4,32.4(26),5.6(12),16.0,,32.4,5.6
Cordoba,2002-5,36.8(16),5.6(04),19.2,,36.8,5.6
Cordoba,2002-6,39.0(16),10.4(09),24.7,,39.0,10.4
Cordoba,2002-7,40.6(27),13.8(15),27.3,,40.6,13.8
Cordoba,2002-8,40.6(13),15.0(29),26.5,,40.6,15.0
Cordoba,2002-9,35.5(01),13.0(06),23.0,,35.5,13.0
Cordoba,2002-10,29.0(19),6.6(11),19.1,,29.0,6.6
Cordoba,2002-11,26.0(03),3.8(26),13.7,,26.0,3.8
Cordoba,2002-12,19.0(25),0.8(08),12.1,,19.0,0.8
Cordoba,2002-13,40.6(27/jul),-0.6(20/feb),18.2,,40.6,-0.6
Cordoba,2003-1,20.4(28),-2.1(17),8.9,,20.4,-2.1
Cordoba,2003-2,18.5(23),-1.8(02),9.9,,18.5,-1.8
Cordoba,2003-3,28.2(12),4.2(20),15.0,,28.2,4.2
Cordoba,2003-4,28.3(27),5.0(05),16.5,,28.3,5.0
Cordoba,2003-5,35.5(23),9.8(01),21.7,,35.5,9.8
Cordoba,2003-6,40.8(19),15.0(28),26.9,,40.8,15.0
Cordoba,2003-7,44.5(31),13.8(16),27.9,,44.5,13.8
Cordoba,2003-8,46.2(01),15.6(27),29.6,,46.2,15.6
Cordoba,2003-9,37.4(14),13.8(11),25.2,,37.4,13.8
Cordoba,2003-10,29.8(09),6.4(24),18.8,,29.8,6.4
Cordoba,2003-11,22.6(14),3.0(28),14.1,,22.6,3.0
Cordoba,2003-12,19.6(13),0.6(29),10.4,,19.6,0.6
Cordoba,2003-13,46.2(01/ago),-2.1(17/ene),18.7,,46.2,-2.1
Cordoba,2004-1,20.6(12),-2.5(20),10.5,,20.6,-2.5
Cordoba,2004-2,23.0(05),0.2(28),11.7,,23.0,0.2
Cordoba,2004-3,27.0(21),-1.6(03),13.0,,27.0,-1.6
Cordoba,2004-4,29.8(26),3.1(12),15.3,,29.8,3.1
Cordoba,2004-5,34.0(31),5.7(08),18.2,,34.0,5.7
Cordoba,2004-6,42.2(28),14.0(16),26.7,,42.2,14.0
Cordoba,2004-7,43.8(24),13.0(09),28.3,,43.8,13.0
Cordoba,2004-8,43.6(25),15.0(21),28.0,,43.6,15.0
Cordoba,2004-9,38.3(23),13.9(29),25.2,,38.3,13.9
Cordoba,2004-10,36.0(02),7.3(14),19.5,,36.0,7.3
Cordoba,2004-11,24.4(06),-0.4(16),12.7,,24.4,-0.4
Cordoba,2004-12,18.5(11),-4.8(28),9.5,,18.5,-4.8
Cordoba,2004-13,43.8(24/jul),-4.8(28/dic),18.2,,43.8,-4.8
Cordoba,2005-1,20.5(21),-8.2(28),7.4,,20.5,-8.2
Cordoba,2005-2,20.2(13),-4.9(01),8.3,,20.2,-4.9
Cordoba,2005-3,29.8(31),-1.8(08),14.1,,29.8,-1.8
Cordoba,2005-4,33.2(29),5.4(10),17.0,,33.2,5.4
Cordoba,2005-5,35.7(26),9.0(17),22.0,,35.7,9.0
Cordoba,2005-6,41.6(22),15.4(29),27.0,,41.6,15.4
Cordoba,2005-7,42.5(20),14.7(30),28.4,,42.5,14.7
Cordoba,2005-8,44.8(07),14.8(26),28.5,,44.8,14.8
Cordoba,2005-9,38.4(04),9.1(20),23.9,,38.4,9.1
Cordoba,2005-10,34.4(01),7.6(06),19.4,,34.4,7.6
Cordoba,2005-11,24.0(02),0.2(30),12.5,,24.0,0.2
Cordoba,2005-12,18.6(03),-2.2(17),10.3,,18.6,-2.2
Cordoba,2005-13,44.8(07/ago),-8.2(28/ene),18.2,,44.8,-8.2
Cordoba,2006-1,18.2(19),-1.1(05),8.6,,18.2,-1.1
Cordoba,2006-2,22.6(11),-0.8(23),10.1,,22.6,-0.8
Cordoba,2006-3,26.6(30),0.6(06),14.0,,26.6,0.6
Cordoba,2006-4,30.7(03),8.2(01),18.2,,30.7,8.2
Cordoba,2006-5,40.1(17),7.0(24),22.1,,40.1,7.0
Cordoba,2006-6,41.0(22),11.2(02),25.8,,41.0,11.2
Cordoba,2006-7,43.0(10),16.2(03),29.5,,43.0,16.2
Cordoba,2006-8,42.5(30),16.0(19),28.7,,42.5,16.0
Cordoba,2006-9,41.6(03),13.1(17),25.5,,41.6,13.1
Cordoba,2006-10,32.8(08),11.0(06),21.2,,32.8,11.0
Cordoba,2006-11,26.2(01),6.6(20),15.9,,26.2,6.6
Cordoba,2006-12,19.1(31),0.1(22),9.9,,19.1,0.1
Cordoba,2006-13,43.0(10/jul),-1.1(05/ene),19.1,,43.0,-1.1
Cordoba,2007-1,22.9(20),-2.6(25),9.3,,22.9,-2.6
Cordoba,2007-2,23.7(16),2.9(07),12.8,,23.7,2.9
Cordoba,2007-3,26.6(03),0.3(23),13.3,,26.6,0.3
Cordoba,2007-4,30.1(23),5.3(06),16.4,,30.1,5.3
Cordoba,2007-5,36.0(18),8.4(06),19.9,,36.0,8.4
Cordoba,2007-6,38.3(30),11.8(01),23.8,,38.3,11.8
Cordoba,2007-7,43.6(28),15.1(22),28.4,,43.6,15.1
Cordoba,2007-8,43.2(04),14.9(23),27.5,,43.2,14.9
Cordoba,2007-9,38.8(05),14.3(27),25.1,,38.8,14.3
Cordoba,2007-10,31.5(09),7.5(31),19.6,,31.5,7.5
Cordoba,2007-11,27.4(06),-0.3(17),13.3,,27.4,-0.3
Cordoba,2007-12,20.5(04),-0.2(16),10.5,,20.5,-0.2
Cordoba,2007-13,43.6(28/jul),-2.6(25/ene),18.3,,43.6,-2.6
Cordoba,2008-1,21.8(23),1.2(12),11.1,,21.8,1.2
Cordoba,2008-2,24.0(27),1.5(10),13.6,,24.0,1.5
Cordoba,2008-3,28.0(13),0.2(07),14.1,,28.0,0.2
Cordoba,2008-4,32.2(25),4.1(12),17.0,,32.2,4.1
Cordoba,2008-5,32.6(06),7.6(01),19.1,,32.6,7.6
Cordoba,2008-6,41.1(27),11.6(03),25.2,,41.1,11.6
Cordoba,2008-7,40.9(19),13.9(13),27.6,,40.9,13.9
Cordoba,2008-8,41.7(04),14.6(16),28.1,,41.7,14.6
Cordoba,2008-9,35.4(01),13.9(03),23.5,,35.4,13.9
Cordoba,2008-10,29.0(20),3.3(30),18.9,,29.0,3.3
Cordoba,2008-11,22.7(10),-1.8(28),11.5,,22.7,-1.8
Cordoba,2008-12,19.9(22),-0.9(18),8.8,,19.9,-0.9
Cordoba,2008-13,41.7(04/ago),-1.8(28/nov),18.2,,41.7,-1.8
Cordoba,2009-1,19.0(23),-2.9(10),9.1,,19.0,-2.9
Cordoba,2009-2,22.2(23),1.8(11),11.2,,22.2,1.8
Cordoba,2009-3,29.0(26),2.8(31),14.7,,29.0,2.8
Cordoba,2009-4,29.7(24),3.5(13),15.6,,29.7,3.5
Cordoba,2009-5,36.3(30),7.9(02),21.0,,36.3,7.9
Cordoba,2009-6,41.6(13),12.4(07),26.1,,41.6,12.4
Cordoba,2009-7,41.4(21),15.5(15),28.4,,41.4,15.5
Cordoba,2009-8,41.5(22),16.0(03),29.2,,41.5,16.0
Cordoba,2009-9,38.5(04),13.5(22),24.3,,38.5,13.5
Cordoba,2009-10,34.4(05),9.2(23),21.7,,34.4,9.2
Cordoba,2009-11,29.7(01),3.5(23),15.1,,29.7,3.5
Cordoba,2009-12,20.0(29),-2.3(15),10.6,,20.0,-2.3
Cordoba,2009-13,41.6(13/jun),-2.9(10/ene),18.9,,41.6,-2.9
Cordoba,2010-1,17.7(19),-0.8(10),10.0,,17.7,-0.8
Cordoba,2010-2,23.2(27),0.1(14),11.3,,23.2,0.1
Cordoba,2010-3,24.0(23),1.8(10),13.4,,24.0,1.8
Cordoba,2010-4,32.0(27),4.3(02),17.7,,32.0,4.3
Cordoba,2010-5,37.1(31),5.7(05),19.6,,37.1,5.7
Cordoba,2010-6,38.3(01),13.3(11),23.9,,38.3,13.3
Cordoba,2010-7,41.0(05),17.3(16),29.3,,41.0,17.3
Cordoba,2010-8,41.9(26),18.1(18),29.4,,41.9,18.1
Cordoba,2010-9,38.4(14),12.7(30),24.7,,38.4,12.7
Cordoba,2010-10,29.4(08),5.8(27),17.9,,29.4,5.8
Cordoba,2010-11,24.7(04),3.8(16),11.9,,24.7,3.8
Cordoba,2010-12,22.0(09),-0.1(17),11.0,,22.0,-0.1
Cordoba,2010-13,41.9(26/ago),-0.8(10/ene),18.3,,41.9,-0.8
Cordoba,2011-1,18.7(15),0.7(31),10.1,,18.7,0.7
Cordoba,2011-2,24.0(25),0.0(03),10.9,,24.0,0.0
Cordoba,2011-3,26.8(31),1.2(03),13.8,,26.8,1.2
Cordoba,2011-4,31.7(07),10.0(24),18.8,,31.7,10.0
Cordoba,2011-5,33.8(24),11.1(08),21.9,,33.8,11.1
Cordoba,2011-6,38.9(26),13.1(08),25.4,,38.9,13.1
Cordoba,2011-7,39.3(27),16.4(04),27.5,,39.3,16.4
Cordoba,2011-8,41.6(20),15.3(27),28.2,,41.6,15.3
Cordoba,2011-9,38.1(09),12.2(25),24.8,,38.1,12.2
Cordoba,2011-10,35.3(13),10.0(25),20.9,,35.3,10.0
Cordoba,2011-11,24.6(12),3.2(28),14.0,,24.6,3.2
Cordoba,2011-12,21.8(22),-0.5(31),10.0,,21.8,-0.5
Cordoba,2011-13,41.6(20/ago),-0.5(31/dic),18.9,,41.6,-0.5
Cordoba,2012-1,20.6(05),-2.0(30),9.0,,20.6,-2.0
Cordoba,2012-2,24.4(27),-4.8(05),8.1,,24.4,-4.8
Cordoba,2012-3,29.5(14),0.1(08),14.2,,29.5,0.1
Cordoba,2012-4,29.2(09),3.6(17),15.6,,29.2,3.6
Cordoba,2012-5,38.6(31),7.5(02),22.2,,38.6,7.5
Cordoba,2012-6,44.1(26),13.9(09),26.9,,44.1,13.9
Cordoba,2012-7,42.0(18),16.0(06),28.2,,42.0,16.0
Cordoba,2012-8,45.5(11),15.0(14),29.5,,45.5,15.0
Cordoba,2012-9,38.2(12),14.0(25),24.8,,38.2,14.0
Cordoba,2012-10,34.4(09),7.5(29),19.4,,34.4,7.5
Cordoba,2012-11,23.0(15),1.7(29),14.5,,23.0,1.7
Cordoba,2012-12,,,,,,
Cordoba,2012-13,,,,,,
Cordoba,2013-1,21.7(31),0.1(06),9.9,,21.7,0.1
Cordoba,2013-2,22.0(15),-0.8(10),9.9,,22.0,-0.8
Cordoba,2013-3,22.6(21),0.6(14),13.2,,22.6,0.6
Cordoba,2013-4,33.1(17),5.0(06),16.9,,33.1,5.0
Cordoba,2013-5,32.3(12),6.3(01),19.1,,32.3,6.3
Cordoba,2013-6,38.6(30),10.0(08),24.0,,38.6,10.0
Cordoba,2013-7,41.6(04),15.0(29),28.0,,41.6,15.0
Cordoba,2013-8,42.4(19),15.8(04),28.5,,42.4,15.8
Cordoba,2013-9,36.0(03),14.8(23),25.1,,36.0,14.8
Cordoba,2013-10,31.4(16),6.1(31),20.5,,31.4,6.1
Cordoba,2013-11,26.5(02),-2.0(30),11.8,,26.5,-2.0
Cordoba,2013-12,20.5(14),-2.7(08),9.5,,20.5,-2.7
Cordoba,2013-13,42.4(19/ago),-2.7(08/dic),18.0,,42.4,-2.7
Cordoba,2014-1,20.3(26),0.9(30),10.4,,20.3,0.9
Cordoba,2014-2,20.4(23),0.3(03),10.7,,20.4,0.3
Cordoba,2014-3,26.9(17),1.6(24),13.5,,26.9,1.6
Cordoba,2014-4,32.3(17),6.3(04),18.0,,32.3,6.3
Cordoba,2014-5,36.5(11),7.6(04),21.2,,36.5,7.6
Cordoba,2014-6,41.2(14),12.5(30),24.5,,41.2,12.5
Cordoba,2014-7,42.9(16),13.9(01),27.0,,42.9,13.9
Cordoba,2014-8,41.5(27),13.9(14),27.5,,41.5,13.9
Cordoba,2014-9,41.8(01),15.5(16),24.8,,41.8,15.5
Cordoba,2014-10,34.1(20),9.5(31),21.0,,34.1,9.5
Cordoba,2014-11,27.0(01),4.3(10),14.8,,27.0,4.3
Cordoba,2014-12,19.4(01),-2.9(31),9.2,,19.4,-2.9
Cordoba,2014-13,42.9(16/jul),-2.9(31/dic),18.6,,42.9,-2.9
Cordoba,2015-1,21.1(30),-2.6(01),8.2,,21.1,-2.6
Cordoba,2015-2,21.6(26),-2.2(06),10.0,,21.6,-2.2
Cordoba,2015-3,33.0(31),0.1(07),13.9,,33.0,0.1
Cordoba,2015-4,32.2(01),7.7(19),18.1,,32.2,7.7
Cordoba,2015-5,41.2(13),8.4(06),23.2,,41.2,8.4
Cordoba,2015-6,43.7(28),12.6(14),26.1,,43.7,12.6
Cordoba,2015-7,45.2(06),18.6(01),30.5,,45.2,18.6
Cordoba,2015-8,40.8(10),15.4(25),28.4,,40.8,15.4
Cordoba,2015-9,35.2(27),11.2(23),23.7,,35.2,11.2
Cordoba,2015-10,32.8(01),10.2(30),20.2,,32.8,10.2
Cordoba,2015-11,27.6(07),-0.8(24),15.0,,27.6,-0.8
Cordoba,2015-12,23.5(05),1.4(25),12.3,,23.5,1.4
Cordoba,2015-13,45.2(06/jul),-2.6(01/ene),19.1,,45.2,-2.6
Cordoba,2016-1,22.3(23),1.1(17),11.7,,22.3,1.1
Cordoba,2016-2,23.1(01),-2.0(17),11.5,,23.1,-2.0
Cordoba,2016-3,26.0(29),-0.1(09),12.2,,26.0,-0.1
Cordoba,2016-4,28.9(30),1.4(01),16.3,,28.9,1.4
Cordoba,2016-5,33.7(20),6.3(03),19.3,,33.7,6.3
Cordoba,2016-6,40.0(09),12.3(02),25.7,,40.0,12.3
Cordoba,2016-7,,,,,,
Cordoba,2016-8,,,,,,
Cordoba,2016-9,45.4(06),10.3(15),26.0,,45.4,10.3
Cordoba,2016-10,34.6(04),8.8(31),20.9,,34.6,8.8
Cordoba,2016-11,27.4(02),3.3(17),13.5,,27.4,3.3
Cordoba,2016-12,20.9(06),0.0(31),11.4,,20.9,0.0
Cordoba,2016-13,,,,,,
Cordoba,2017-1,21.2(31),-2.9(18),8.7,,21.2,-2.9
Cordoba,2017-2,23.2(22),1.1(09),12.4,,23.2,1.1
Cordoba,2017-3,29.6(10),1.9(24),14.8,,29.6,1.9
Cordoba,2017-4,34.0(18),5.1(02),18.5,,34.0,5.1
Cordoba,2017-5,36.3(24),6.9(01),21.6,,36.3,6.9
Cordoba,2017-6,44.5(16),13.9(06),28.4,,44.5,13.9
Cordoba,2017-7,46.9(13),15.2(02),28.9,,46.9,15.2
Cordoba,2017-8,44.7(04),16.2(29),29.4,,44.7,16.2
Cordoba,2017-9,39.5(06),11.0(16),25.2,,39.5,11.0
Cordoba,2017-10,35.7(14),8.6(30),22.7,,35.7,8.6
Cordoba,2017-11,27.4(01),2.0(10),13.7,,27.4,2.0
Cordoba,2017-12,20.5(30),-1.6(03),9.4,,20.5,-1.6
Cordoba,2017-13,46.9(13/jul),-2.9(18/ene),19.5,,46.9,-2.9
Cordoba,2018-1,21.6(23),-0.4(09),9.4,,21.6,-0.4
Cordoba,2018-2,22.9(16),-3.1(09),9.5,,22.9,-3.1
Cordoba,2018-3,25.4(28),0.5(22),12.2,,25.4,0.5
Cordoba,2018-4,29.8(24),4.6(14),16.2,,29.8,4.6
Cordoba,2018-5,31.1(16),5.0(02),19.5,,31.1,5.0
Cordoba,2018-6,40.0(18),12.8(12),24.6,,40.0,12.8
Cordoba,2018-7,40.5(31),16.3(03),26.6,,40.5,16.3
Cordoba,2018-8,45.1(04),16.5(10),30.0,,45.1,16.5
Cordoba,2018-9,41.0(02),16.7(10),26.7,,41.0,16.7
Cordoba,2018-10,34.0(01),4.6(29),19.2,,34.0,4.6
Cordoba,2018-11,22.7(16),3.3(29),13.4,,22.7,3.3
Cordoba,2018-12,23.8(06),0.0(31),11.1,,23.8,0.0
Cordoba,2018-13,45.1(04/ago),-3.1(09/feb),18.2,,45.1,-3.1
Cordoba,2019-1,21.4(26),-2.5(11),8.9,,21.4,-2.5
Cordoba,2019-2,24.8(28),-0.3(03),11.7,,24.8,-0.3
Cordoba,2019-3,28.2(26),2.6(22),14.6,,28.2,2.6
Cordoba,2019-4,31.3(30),4.6(04),15.5,,31.3,4.6
Cordoba,2019-5,37.1(28),11.0(13),22.6,,37.1,11.0
Cordoba,2019-6,40.4(29),11.0(06),24.4,,40.4,11.0
Cordoba,2019-7,41.8(11),16.5(08),28.1,,41.8,16.5
Cordoba,2019-8,41.4(17),17.2(12),28.8,,41.4,17.2
Cordoba,2019-9,39.1(02),12.6(23),25.2,,39.1,12.6
Cordoba,2019-10,35.1(07),6.5(16),20.1,,35.1,6.5
Cordoba,2019-11,26.7(01),-1.8(16),13.1,,26.7,-1.8
Cordoba,2019-12,21.2(16),1.9(12),12.6,,21.2,1.9
Cordoba,2019-13,41.8(11/jul),-2.5(11/ene),18.8,,41.8,-2.5
Cordoba,2020-1,19.1(29),0.0(12),10.2,,19.1,0.0
Cordoba,2020-2,25.4(04),2.3(24),14.2,,25.4,2.3
Cordoba,2020-3,29.0(10),2.0(07),14.7,,29.0,2.0
Cordoba,2020-4,26.8(23),6.6(03),16.8,,26.8,6.6
Cordoba,2020-5,38.0(23),9.4(15),22.4,,38.0,9.4
Cordoba,2020-6,40.8(22),12.5(13),24.7,,40.8,12.5
Cordoba,2020-7,43.9(26),17.3(03),30.8,,43.9,17.3
Cordoba,2020-8,43.9(01),13.8(31),28.4,,43.9,13.8
Cordoba,2020-9,37.8(12),9.6(26),24.7,,37.8,9.6
Cordoba,2020-10,33.0(08),5.3(27),17.9,,33.0,5.3
Cordoba,2020-11,28.9(01),3.1(24),15.3,,28.9,3.1
Cordoba,2020-12,20.3(12),-2.5(31),10.1,,20.3,-2.5
Cordoba,2020-13,43.9(26/jul),-2.5(31/dic),19.2,,43.9,-2.5
